N,result_leg,result_lag,error_leg,error_lag,time_leg,time_lag
41,0.18985105945428593,0.19465434382342134,0.0029146515044906063,-0.0018886328646448014,27.155326001999924,33.1441801389999
