N,result_brute_pl,result_importance,std_brute_pl,std_importance,time_brute_pl,time_importance,time_importance_pl,error_brute_pl,error_importance
10,0.004011429463903285,0.026694497686971047,0.002391139452242176,0.008900871941995897,0.00012826919555664062,1.5974044799804688e-05,3.910064697265625e-05,-0.18875428149487325,-0.1660712132718055
100,0.04173333423771461,0.13376416938168453,0.022508428672834084,0.029081511637278724,2.2172927856445312e-05,8.58306884765625e-05,0.00017499923706054688,-0.15103237672106193,-0.059001541577092004
1000,0.09007211546381048,0.23338793501420735,0.020215182834544,0.04365774914095963,5.1975250244140625e-05,0.0004222393035888672,0.00017571449279785156,-0.10269359549496605,0.04062222405543081
10000,0.0944587829251319,0.18878854138182513,0.012749118585420974,0.012125723744364119,0.00028061866760253906,0.004139423370361328,0.0008444786071777344,-0.09830692803364463,-0.003977169576951406
100000,0.410817581697507,0.18531943348758192,0.19562159159762882,0.0028458817882932486,0.0019373893737792969,0.04437518119812012,0.007977485656738281,0.21805187073873045,-0.007446277471194612
1000000,0.18687240899102245,0.19158619912308203,0.0070275901868110295,0.0009652406495554161,0.01996016502380371,0.41115331649780273,0.07847976684570312,-0.005893301967754089,-0.0011795118356945078
10000000,0.19103869522766212,0.19235211764184504,0.003027525600465964,0.00031577975073589833,0.19081377983093262,4.092015027999878,0.7859692573547363,-0.0017270157311144174,-0.0004135933169314987
100000000,0.191978706212131,0.19285551205960672,0.0010454933679088323,0.00010288082123619427,1.8667714595794678,40.89775562286377,7.97456431388855,-0.000787004746645531,8.9801100830178e-05
