N,result_brute,result_importance,std_brute,std_importance,error_brute,error_importance,time_brute,time_importance,time_importance_parallel
10,0.0022384631853249737,0.63370431469341,0.0008902995713518746,0.3938933880878775,0.19052724777345156,-0.4409386037346335,1.3970398902893066,0.28914618492126465,0.8842132091522217
100,3.553240917390111,0.1874870757230739,3.507370345202702,0.07415036667726484,-3.360475206431335,0.005278635235702628,7.462501525878906e-05,3.9577484130859375e-05,4.315376281738281e-05
1000,0.12420339393575784,0.1565544330114969,0.06794215274236072,0.015942790253204338,0.0685623170230187,0.03621127794727963,8.487701416015625e-05,0.0003407001495361328,0.00016880035400390625
10000,0.21900029830829362,0.1974988419450021,0.0699734693769237,0.009978349036868986,-0.026234587349517086,-0.0047331309862255755,0.0001614093780517578,0.003078460693359375,0.0007777214050292969
100000,0.21437123496242555,0.19430142707691833,0.022551402778185327,0.003324768400207867,-0.021605524003649013,-0.0015357161181417944,0.001726388931274414,0.031733036041259766,0.005949974060058594
1000000,0.18309623801533872,0.19368505537674455,0.007144905091390396,0.0010085560089657588,0.009669472943437812,-0.0009193444179680099,0.015436172485351562,0.3051772117614746,0.059661865234375
10000000,0.19588840808357094,0.19261798201458388,0.003741053822621476,0.0003196471870435923,-0.0031226971247944046,0.00014772894419265437,0.14421892166137695,3.167987108230591,0.5860238075256348
