T,spins,cycles,ordered,delay,E,M,Mabs,cv,suscept,accepted
1.0,400,1000000.0,0,0,-1.996871836825,-0.998192206725,0.9983449744,0.05433176456019282,0.31320269040530546,311260
1.28,400,1000000.0,0,0,-1.9821868273,-0.995289091575,0.995289091575,0.09511770626442484,0.010683528183221824,1876897
1.56,400,1000000.0,0,0,-1.93821139275,0.9825561955000001,0.982563399,0.2385130564768129,0.05854907921583127,6859188
1.8399999999999999,400,1000000.0,0,0,-1.8409053367000001,-0.950191481225,0.950191481225,0.4871214534450564,0.14550138221531358,18897947
2.12,400,1000000.0,0,0,-1.642690794175,-0.060179902725,0.857528361725,1.023729367475809,1.1461080890778488,46131738
2.4,400,1000000.0,0,0,-1.23620953355,-0.0015519282125,0.4522797349375,1.4072692183396813,8.885659984133714,107823981
