$log_{10}$(h), max(relative error)
9.0909090909e-02, 1.1223199473e+00
9.9009900990e-03, 8.7781983530e-02
9.9900099900e-04, 8.4783326264e-03
9.9990001000e-05, 8.4478632232e-04
9.9999000010e-06, 8.4448271435e-05
9.9999900000e-07, 8.3669927844e-06
9.9999990000e-08, 2.3828431098e-06
